,,,,Title,Course Code ,Time/Deadline,Syllabus/Content,Semester Courses,
,,,,CT-3,GED1200,09/10/2026 2:30 pm,Lec-5,Course Code ,Course Name
,,,,Presentation ,GED1200,23/10/2026 14:30,Slides: Research Title + Research Gap + Research Methodology (Figure) + Thank You,MCSE1203,Deep Learning
,,,,Assignment (+CT4),GED1200,23/10/2026 14:30,Upload to google drive + Folder Name: ID(Name) + ID(Name).csv + 20 pdfs (scopus indexed conference/journal papers),MCSE1204,Advanced Networking & Network  Security 
,,,,Assignment ,MCSE1214,09/10/2026 9:00 am,Hand written notes (A4 paper),MCSE1214,ICT Project Management & Quality Assurance 
,,,,Notice ,MCSE1214,02/10/2026 09:00,Update:  Project Management Class to be held offline but for people outside dhaka a Zoom link to join the class will be provided,GED1200,Research Methodology 
,,,,Lab Submission ,MCSE1203,30/09/2026 23:59,Google Classroom Lab2,,
,,,,Lab Submission ,MCSE1203,22/09/2026 23:59,Google Classroom Lab1,,
,,,,Mid ,MCSE1203,12/09/2026 09:00,Lec 1 to 6,,
,,,,Mid,GED1200,18/09/2026 14:30,"Slide 1,2,3",,
,,,,Mid,MCSE1204,19/09/2026 13:30,"For MID: 
Lecture 1- till Slide No 159
Lecture 2- Transport Layer ",,
,,,,Mid,MCSE1214,25/09/2026 09:00,"Lec -1, 2, 3, 4",,
,,,,CT-2,MCSE1204,19/09/2026 14:00,"Application Layer protocol 
(Till DNS) - Objective",,
,,,,CT-2,GED1200,25/09/2026 14:30,Lec - 4,,
,,,,CT-1,GED1200,11/09/2026 14:30,Lec -2,,
,,,,CT-1,MCSE1204,29/08/2026 13:30,MCQ Type,,
,,,,CT-2,MCSE1203,05/09/2026 09:00,"Lec - 4,5,6",,
,,,,CT-1,MCSE1203,15/08/2026 09:00,"Lec - 1,2",,
,,,,CT-1 ,MCSE1214,07/08/2026 09:00,Lec - 1,,
,,,,Notice,GED1200,06/11/2026 14:30,Main Class (must not miss),,